NAME_1,NAME_2,ADM1_EN,ADM2_EN,ADM1_UA,ADM2_UA,ADM1_PCODE,ADM2_PCODE
?,?,Kyiv,Kyiv,Київ,Київ,UA80,UA8000
Cherkasy,Cherkas'ka,Cherkaska,Cherkaskyi,Черкаська,Черкаський,UA71,UA7108
Cherkasy,Cherkas'kyi,Cherkaska,Cherkaskyi,Черкаська,Черкаський,UA71,UA7108
Cherkasy,Chornobaivs'kyi,Cherkaska,Zolotoniskyi,Черкаська,Золотоніський,UA71,UA7104
Cherkasy,Chyhyryns'kyi,Cherkaska,Cherkaskyi,Черкаська,Черкаський,UA71,UA7108
Cherkasy,Drabivs'kyi,Cherkaska,Zolotoniskyi,Черкаська,Золотоніський,UA71,UA7104
Cherkasy,Horodyshchens'kyi,Cherkaska,Cherkaskyi,Черкаська,Черкаський,UA71,UA7108
Cherkasy,Kamians'kyi,Cherkaska,Cherkaskyi,Черкаська,Черкаський,UA71,UA7108
Cherkasy,Kanivs'ka,Cherkaska,Cherkaskyi,Черкаська,Черкаський,UA71,UA7108
Cherkasy,Kanivs'kyi,Cherkaska,Cherkaskyi,Черкаська,Черкаський,UA71,UA7108
Cherkasy,Katerynopil's'kyi,Cherkaska,Zvenyhorodskyi,Черкаська,Звенигородський,UA71,UA7102
Cherkasy,Khrystynivs'kyi,Cherkaska,Umanskyi,Черкаська,Уманський,UA71,UA7106
Cherkasy,Korsun'-Shevchenkivs'kyi,Cherkaska,Cherkaskyi,Черкаська,Черкаський,UA71,UA7108
Cherkasy,Lysians'kyi,Cherkaska,Zvenyhorodskyi,Черкаська,Звенигородський,UA71,UA7102
Cherkasy,Man'kivs'kyi,Cherkaska,Umanskyi,Черкаська,Уманський,UA71,UA7106
Cherkasy,Monastyryshchens'kyi,Cherkaska,Umanskyi,Черкаська,Уманський,UA71,UA7106
Cherkasy,Shpolians'kyi,Cherkaska,Zvenyhorodskyi,Черкаська,Звенигородський,UA71,UA7102
Cherkasy,Smilians'kyi,Cherkaska,Cherkaskyi,Черкаська,Черкаський,UA71,UA7108
Cherkasy,Tal'nivs'kyi,Cherkaska,Zvenyhorodskyi,Черкаська,Звенигородський,UA71,UA7102
Cherkasy,Umans'ka,Cherkaska,Umanskyi,Черкаська,Уманський,UA71,UA7106
Cherkasy,Umans'kyi,Cherkaska,Umanskyi,Черкаська,Уманський,UA71,UA7106
Cherkasy,Zhashkivs'kyi,Cherkaska,Umanskyi,Черкаська,Уманський,UA71,UA7106
Cherkasy,Zolotonis'kyi,Cherkaska,Zolotoniskyi,Черкаська,Золотоніський,UA71,UA7104
Cherkasy,Zvenyhorods'kyi,Cherkaska,Zvenyhorodskyi,Черкаська,Звенигородський,UA71,UA7102
Chernihiv,Bakhmats'kyi,Chernihivska,Nizhynskyi,Чернігівська,Ніжинський,UA74,UA7404
Chernihiv,Bobrovyts'kyi,Chernihivska,Nizhynskyi,Чернігівська,Ніжинський,UA74,UA7404
Chernihiv,Borznians'kyi,Chernihivska,Nizhynskyi,Чернігівська,Ніжинський,UA74,UA7404
Chernihiv,Chernihivs'ka,Chernihivska,Chernihivskyi,Чернігівська,Чернігівський,UA74,UA7410
Chernihiv,Chernihivs'kyi,Chernihivska,Chernihivskyi,Чернігівська,Чернігівський,UA74,UA7410
Chernihiv,Horodnians'kyi,Chernihivska,Chernihivskyi,Чернігівська,Чернігівський,UA74,UA7410
Chernihiv,Ichnians'kyi,Chernihivska,Prylutskyi,Чернігівська,Прилуцький,UA74,UA7408
Chernihiv,Koriukivs'kyi,Chernihivska,Koriukivskyi,Чернігівська,Корюківський,UA74,UA7402
Chernihiv,Korops'kyi,Chernihivska,Novhorod-Siverskyi,Чернігівська,Новгород-Сіверський,UA74,UA7406
Chernihiv,Kozelets'kyi,Chernihivska,Chernihivskyi,Чернігівська,Чернігівський,UA74,UA7410
Chernihiv,Kulykivs'kyi,Chernihivska,Chernihivskyi,Чернігівська,Чернігівський,UA74,UA7410
Chernihiv,Mens'kyi,Chernihivska,Koriukivskyi,Чернігівська,Корюківський,UA74,UA7402
Chernihiv,Nizhyns'ka,Chernihivska,Nizhynskyi,Чернігівська,Ніжинський,UA74,UA7404
Chernihiv,Nizhyns'kyi,Chernihivska,Nizhynskyi,Чернігівська,Ніжинський,UA74,UA7404
Chernihiv,Nosivs'kyi,Chernihivska,Nizhynskyi,Чернігівська,Ніжинський,UA74,UA7404
Chernihiv,Novhorod-Sivers'kyi,Chernihivska,Novhorod-Siverskyi,Чернігівська,Новгород-Сіверський,UA74,UA7406
Chernihiv,Pryluts'ka,Chernihivska,Prylutskyi,Чернігівська,Прилуцький,UA74,UA7408
Chernihiv,Pryluts'kyi,Chernihivska,Prylutskyi,Чернігівська,Прилуцький,UA74,UA7408
Chernihiv,Ripkyns'kyi,Chernihivska,Chernihivskyi,Чернігівська,Чернігівський,UA74,UA7410
Chernihiv,Semenivs'kyi,Chernihivska,Novhorod-Siverskyi,Чернігівська,Новгород-Сіверський,UA74,UA7406
Chernihiv,Shchors'kyi,Chernihivska,Koriukivskyi,Чернігівська,Корюківський,UA74,UA7402
Chernihiv,Sosnyts'kyi,Chernihivska,Koriukivskyi,Чернігівська,Корюківський,UA74,UA7402
Chernihiv,Sribnians'kyi,Chernihivska,Prylutskyi,Чернігівська,Прилуцький,UA74,UA7408
Chernihiv,Talala‹vs'kyi,Chernihivska,Prylutskyi,Чернігівська,Прилуцький,UA74,UA7408
Chernihiv,Varvyns'kyi,Chernihivska,Prylutskyi,Чернігівська,Прилуцький,UA74,UA7408
Chernivtsi,Chernivets'ka,Chernivetska,Chernivetskyi,Чернівецька,Чернівецький,UA73,UA7306
Chernivtsi,Hlybots'kyi,Chernivetska,Chernivetskyi,Чернівецька,Чернівецький,UA73,UA7306
Chernivtsi,Kel'menets'kyi,Chernivetska,Dnistrovskyi,Чернівецька,Дністровський,UA73,UA7304
Chernivtsi,Khotyns'kyi,Chernivetska,Dnistrovskyi,Чернівецька,Дністровський,UA73,UA7304
Chernivtsi,Kitsmans'kyi,Chernivetska,Chernivetskyi,Чернівецька,Чернівецький,UA73,UA7306
Chernivtsi,Novoselits'kyi,Chernivetska,Chernivetskyi,Чернівецька,Чернівецький,UA73,UA7306
Chernivtsi,Putyl's'kyi,Chernivetska,Vyzhnytskyi,Чернівецька,Вижницький,UA73,UA7302
Chernivtsi,Sokyrians'kyi,Chernivetska,Dnistrovskyi,Чернівецька,Дністровський,UA73,UA7304
Chernivtsi,Storozhynets'kyi,Chernivetska,Chernivetskyi,Чернівецька,Чернівецький,UA73,UA7306
Chernivtsi,Vyzhnyts'kyi,Chernivetska,Vyzhnytskyi,Чернівецька,Вижницький,UA73,UA7302
Chernivtsi,Zastavnets'kyi,Chernivetska,Chernivetskyi,Чернівецька,Чернівецький,UA73,UA7306
Crimea,Alushtyns'ka,Autonomous Republic of Crimea,Yaltynskyi,Автономна Республіка Крим,Ялтинський,UA01,UA0120
Crimea,Bakhchysarais'kyi,Autonomous Republic of Crimea,Bakhchysaraiskyi,Автономна Республіка Крим,Бахчисарайський,UA01,UA0102
Crimea,Bilohirs'kyi,Autonomous Republic of Crimea,Bilohirskyi,Автономна Республіка Крим,Білогірський,UA01,UA0104
Crimea,Chornomors'kyi,Autonomous Republic of Crimea,Yevpatoriiskyi,Автономна Республіка Крим,Євпаторійський,UA01,UA0108
Crimea,Dzhankois'ka,Autonomous Republic of Crimea,Dzhankoiskyi,Автономна Республіка Крим,Джанкойський,UA01,UA0106
Crimea,Dzhankois'kyi,NA,NA,NA,NA,NA,NA
Crimea,Feodosiis'ka,Autonomous Republic of Crimea,Feodosiiskyi,Автономна Республіка Крим,Феодосійський,UA01,UA0118
Crimea,Ialtyns'ka,Autonomous Republic of Crimea,Yaltynskyi,Автономна Республіка Крим,Ялтинський,UA01,UA0120
Crimea,Ievpatoriis'ka,Autonomous Republic of Crimea,Yevpatoriiskyi,Автономна Республіка Крим,Євпаторійський,UA01,UA0108
Crimea,Kerchens'ka,Autonomous Republic of Crimea,Kerchenskyi,Автономна Республіка Крим,Керченський,UA01,UA0110
Crimea,Kirovs'kyi,Autonomous Republic of Crimea,Feodosiiskyi,Автономна Республіка Крим,Феодосійський,UA01,UA0118
Crimea,Krasnohvardiis'kyi,Autonomous Republic of Crimea,Kurmanskyi,Автономна Республіка Крим,Курманський,UA01,UA0112
Crimea,Krasnoperekops'kyi,Autonomous Republic of Crimea,Perekopskyi,Автономна Республіка Крим,Перекопський,UA01,UA0114
Crimea,Lenins'kyi,Autonomous Republic of Crimea,Kerchenskyi,Автономна Республіка Крим,Керченський,UA01,UA0110
Crimea,Nyzhn'ohirs'kyi,Autonomous Republic of Crimea,Bilohirskyi,Автономна Республіка Крим,Білогірський,UA01,UA0104
Crimea,Pervomais'kyi,Autonomous Republic of Crimea,Kurmanskyi,Автономна Республіка Крим,Курманський,UA01,UA0112
Crimea,Rozdol'nens'kyi,Autonomous Republic of Crimea,Perekopskyi,Автономна Республіка Крим,Перекопський,UA01,UA0114
Crimea,Saks'ka,Autonomous Republic of Crimea,Yevpatoriiskyi,Автономна Республіка Крим,Євпаторійський,UA01,UA0108
Crimea,Saks'kyi,Autonomous Republic of Crimea,Yevpatoriiskyi,Автономна Республіка Крим,Євпаторійський,UA01,UA0108
Crimea,Simferopol's'ka,Autonomous Republic of Crimea,Simferopolskyi,Автономна Республіка Крим,Сімферопольський,UA01,UA0116
Crimea,Simferopol's'kyi,Autonomous Republic of Crimea,Simferopolskyi,Автономна Республіка Крим,Сімферопольський,UA01,UA0116
Crimea,Soviets'kyi,Autonomous Republic of Crimea,Feodosiiskyi,Автономна Республіка Крим,Феодосійський,UA01,UA0118
Crimea,Sudats'ka,Autonomous Republic of Crimea,Feodosiiskyi,Автономна Республіка Крим,Феодосійський,UA01,UA0118
Dnipropetrovs'k,Apostolivs'kyi,Dnipropetrovska,Kryvorizkyi,Дніпропетровська,Криворізький,UA12,UA1206
Dnipropetrovs'k,Dniprodzerzhyns'ka,Dnipropetrovska,Dniprovskyi,Дніпропетровська,Дніпровський,UA12,UA1202
Dnipropetrovs'k,Dnipropetrovs'ka,Dnipropetrovska,Dniprovskyi,Дніпропетровська,Дніпровський,UA12,UA1202
Dnipropetrovs'k,Dnipropetrovs'kyi,Dnipropetrovska,Dniprovskyi,Дніпропетровська,Дніпровський,UA12,UA1202
Dnipropetrovs'k,Iurïvs'kyi,Dnipropetrovska,Pavlohradskyi,Дніпропетровська,Павлоградський,UA12,UA1212
Dnipropetrovs'k,Krynychans'kyi,Dnipropetrovska,Kamianskyi,Дніпропетровська,Кам’янський,UA12,UA1204
Dnipropetrovs'k,Kryvoriz'kyi,Dnipropetrovska,Kryvorizkyi,Дніпропетровська,Криворізький,UA12,UA1206
Dnipropetrovs'k,KryvyiRig,Dnipropetrovska,Kryvorizkyi,Дніпропетровська,Криворізький,UA12,UA1206
Dnipropetrovs'k,Mahdalynivs'kyi,Dnipropetrovska,Novomoskovskyi,Дніпропетровська,Новомосковський,UA12,UA1210
Dnipropetrovs'k,Marhanets'ka,Dnipropetrovska,Nikopolskyi,Дніпропетровська,Нікопольський,UA12,UA1208
Dnipropetrovs'k,Mezhivs'kyi,Dnipropetrovska,Synelnykivskyi,Дніпропетровська,Синельниківський,UA12,UA1214
Dnipropetrovs'k,Nikopol's'ka,Dnipropetrovska,Nikopolskyi,Дніпропетровська,Нікопольський,UA12,UA1208
Dnipropetrovs'k,Nikopol's'kyi,Dnipropetrovska,Nikopolskyi,Дніпропетровська,Нікопольський,UA12,UA1208
Dnipropetrovs'k,Novomoskovs'ka,Dnipropetrovska,Novomoskovskyi,Дніпропетровська,Новомосковський,UA12,UA1210
Dnipropetrovs'k,Novomoskovs'kyi,Dnipropetrovska,Novomoskovskyi,Дніпропетровська,Новомосковський,UA12,UA1210
Dnipropetrovs'k,Ordzhonikidzevs'ka,Dnipropetrovska,Nikopolskyi,Дніпропетровська,Нікопольський,UA12,UA1208
Dnipropetrovs'k,Pavlograd,Dnipropetrovska,Pavlohradskyi,Дніпропетровська,Павлоградський,UA12,UA1212
Dnipropetrovs'k,Pavlohrads'kyi,Dnipropetrovska,Pavlohradskyi,Дніпропетровська,Павлоградський,UA12,UA1212
Dnipropetrovs'k,Petropavlivs'kyi,Dnipropetrovska,Synelnykivskyi,Дніпропетровська,Синельниківський,UA12,UA1214
Dnipropetrovs'k,Petrykivs'kyi,Dnipropetrovska,Dniprovskyi,Дніпропетровська,Дніпровський,UA12,UA1202
Dnipropetrovs'k,Piatykhats'kyi,Dnipropetrovska,Kamianskyi,Дніпропетровська,Кам’янський,UA12,UA1204
Dnipropetrovs'k,Pokrovs'kyi,Dnipropetrovska,Synelnykivskyi,Дніпропетровська,Синельниківський,UA12,UA1214
Dnipropetrovs'k,Shyrokivs'kyi,Dnipropetrovska,Kryvorizkyi,Дніпропетровська,Криворізький,UA12,UA1206
Dnipropetrovs'k,Sofi‹vs'kyi,Dnipropetrovska,Kryvorizkyi,Дніпропетровська,Криворізький,UA12,UA1206
Dnipropetrovs'k,Solonians'kyi,Dnipropetrovska,Dniprovskyi,Дніпропетровська,Дніпровський,UA12,UA1202
Dnipropetrovs'k,Synel'nykivs'ka,Dnipropetrovska,Synelnykivskyi,Дніпропетровська,Синельниківський,UA12,UA1214
Dnipropetrovs'k,Synel'nykivs'kyi,Dnipropetrovska,Synelnykivskyi,Дніпропетровська,Синельниківський,UA12,UA1214
Dnipropetrovs'k,Tomakivs'kyi,Dnipropetrovska,Nikopolskyi,Дніпропетровська,Нікопольський,UA12,UA1208
Dnipropetrovs'k,Tsarychans'kyi,Dnipropetrovska,Dniprovskyi,Дніпропетровська,Дніпровський,UA12,UA1202
Dnipropetrovs'k,Vasyl'kivs'kyi,Dnipropetrovska,Synelnykivskyi,Дніпропетровська,Синельниківський,UA12,UA1214
Dnipropetrovs'k,Verkhn'odniprovs'kyi,Dnipropetrovska,Kamianskyi,Дніпропетровська,Кам’янський,UA12,UA1204
Dnipropetrovs'k,Zhovtovods'ka,Dnipropetrovska,Kamianskyi,Дніпропетровська,Кам’янський,UA12,UA1204
Donets'k,Amvrosi‹vs'kyi,Donetska,Donetskyi,Донецька,Донецький,UA14,UA1408
Donets'k,Artemivs'ka,Donetska,Bakhmutskyi,Донецька,Бахмутський,UA14,UA1402
Donets'k,Artemivs'kyi,Donetska,Bakhmutskyi,Донецька,Бахмутський,UA14,UA1402
Donets'k,Dobropil's'ka,Donetska,Pokrovskyi,Донецька,Покровський,UA14,UA1416
Donets'k,Dobropil's'kyi,Donetska,Pokrovskyi,Донецька,Покровський,UA14,UA1416
Donets'k,Donets'ka,Donetska,Donetskyi,Донецька,Донецький,UA14,UA1408
Donets'k,Dzerzhyns'ka,Donetska,Pokrovskyi,Донецька,Покровський,UA14,UA1416
Donets'k,Horlivs'ka,Donetska,Horlivskyi,Донецька,Горлівський,UA14,UA1406
Donets'k,Iasynuvats'ka,Donetska,Pokrovskyi,Донецька,Покровський,UA14,UA1416
Donets'k,Iasynuvats'kyi,Donetska,Pokrovskyi,Донецька,Покровський,UA14,UA1416
Donets'k,Ienakiievs'ka,Donetska,Horlivskyi,Донецька,Горлівський,UA14,UA1406
Donets'k,Khartsyz'ka,Donetska,Donetskyi,Донецька,Донецький,UA14,UA1408
Donets'k,Kirovs'ka,Donetska,Horlivskyi,Донецька,Горлівський,UA14,UA1406
Donets'k,Kostiantynivs'ka,Donetska,Kramatorskyi,Донецька,Краматорський,UA14,UA1412
Donets'k,Kostiantynivs'kyi,Donetska,Kramatorskyi,Донецька,Краматорський,UA14,UA1412
Donets'k,Kramators'ka,Donetska,Kramatorskyi,Донецька,Краматорський,UA14,UA1412
Donets'k,Krasnoarmiis'ka,Donetska,Pokrovskyi,Донецька,Покровський,UA14,UA1416
Donets'k,Krasnoarmiis'kyi,Donetska,Pokrovskyi,Донецька,Покровський,UA14,UA1416
Donets'k,Krasnolymans'ka,Donetska,Kramatorskyi,Донецька,Краматорський,UA14,UA1412
Donets'k,Krasnolymans'kyi,Donetska,Kramatorskyi,Донецька,Краматорський,UA14,UA1412
Donets'k,Maki‹vs'ka,Donetska,Donetskyi,Донецька,Донецький,UA14,UA1408
Donets'k,Mar‹ns'kyi,Donetska,Pokrovskyi,Донецька,Покровський,UA14,UA1416
Donets'k,Mariupol's'ka,Donetska,Mariupolskyi,Донецька,Маріупольський,UA14,UA1414
Donets'k,n.a. ( 181),Donetska,Horlivskyi,Донецька,Горлівський,UA14,UA1406
Donets'k,n.a. ( 319),Donetska,Kramatorskyi,Донецька,Краматорський,UA14,UA1412
Donets'k,n.a. ( 384),Donetska,Kramatorskyi,Донецька,Краматорський,UA14,UA1412
Donets'k,n.a. ( 394),Donetska,Bakhmutskyi,Донецька,Бахмутський,UA14,UA1402
Donets'k,n.a. ( 488),Donetska,Horlivskyi,Донецька,Горлівський,UA14,UA1406
Donets'k,n.a. ( 493),Donetska,Horlivskyi,Донецька,Горлівський,UA14,UA1406
Donets'k,n.a. ( 511),Donetska,Donetskyi,Донецька,Донецький,UA14,UA1408
Donets'k,Novoazovs'kyi,Donetska,Kalmiuskyi,Донецька,Кальміуський,UA14,UA1410
Donets'k,Novohrodivs'ka,Donetska,Pokrovskyi,Донецька,Покровський,UA14,UA1416
Donets'k,Oleksandrivs'kyi,Donetska,Kramatorskyi,Донецька,Краматорський,UA14,UA1412
Donets'k,Pershotravnevyi,Donetska,Mariupolskyi,Донецька,Маріупольський,UA14,UA1414
Donets'k,Selydovs'ka,Donetska,Pokrovskyi,Донецька,Покровський,UA14,UA1416
Donets'k,Shakhtars'ka,Donetska,Horlivskyi,Донецька,Горлівський,UA14,UA1406
Donets'k,Shakhtars'kyi,Donetska,Horlivskyi,Донецька,Горлівський,UA14,UA1406
Donets'k,Slovians'ka,Donetska,Kramatorskyi,Донецька,Краматорський,UA14,UA1412
Donets'k,Slovians'kyi,Donetska,Kramatorskyi,Донецька,Краматорський,UA14,UA1412
Donets'k,Snizhnens'ka,Donetska,Horlivskyi,Донецька,Горлівський,UA14,UA1406
Donets'k,Starobeshivs'kyi,Donetska,Kalmiuskyi,Донецька,Кальміуський,UA14,UA1410
Donets'k,Tel'manivs'kyi,Donetska,Volnovaskyi,Донецька,Волноваський,UA14,UA1404
Donets'k,Torez'ka,Donetska,Horlivskyi,Донецька,Горлівський,UA14,UA1406
Donets'k,Velykonovosilkivs'kyi,Donetska,Volnovaskyi,Донецька,Волноваський,UA14,UA1404
Donets'k,Volnovas'kyi,Donetska,Volnovaskyi,Донецька,Волноваський,UA14,UA1404
Donets'k,Volodars'kyi,Donetska,Mariupolskyi,Донецька,Маріупольський,UA14,UA1414
Donets'k,Vuhledars'ka,Donetska,Horlivskyi,Донецька,Горлівський,UA14,UA1406
Donets'k,Zhdanivs'ka,Donetska,Horlivskyi,Донецька,Горлівський,UA14,UA1406
Ivano-Frankivs'k,Bohorodchans'kyi,Ivano-Frankivska,Ivano-Frankivskyi,Івано-Франківська,Івано-Франківський,UA26,UA2604
Ivano-Frankivs'k,Dolyns'kyi,Ivano-Frankivska,Kaluskyi,Івано-Франківська,Калуський,UA26,UA2606
Ivano-Frankivs'k,Halyts'kyi,Ivano-Frankivska,Ivano-Frankivskyi,Івано-Франківська,Івано-Франківський,UA26,UA2604
Ivano-Frankivs'k,Horodenkivs'kyi,Ivano-Frankivska,Kolomyiskyi,Івано-Франківська,Коломийський,UA26,UA2608
Ivano-Frankivs'k,Iaremchans'ka,Ivano-Frankivska,Nadvirnianskyi,Івано-Франківська,Надвірнянський,UA26,UA2612
Ivano-Frankivs'k,Ivano-Frankivs'ka,Ivano-Frankivska,Ivano-Frankivskyi,Івано-Франківська,Івано-Франківський,UA26,UA2604
Ivano-Frankivs'k,Kalus'kyi,Ivano-Frankivska,Kaluskyi,Івано-Франківська,Калуський,UA26,UA2606
Ivano-Frankivs'k,Kolomyis'kyi,Ivano-Frankivska,Kolomyiskyi,Івано-Франківська,Коломийський,UA26,UA2608
Ivano-Frankivs'k,Kosivs'kyi,Ivano-Frankivska,Kosivskyi,Івано-Франківська,Косівський,UA26,UA2610
Ivano-Frankivs'k,Nadvirnians'kyi,Ivano-Frankivska,Nadvirnianskyi,Івано-Франківська,Надвірнянський,UA26,UA2612
Ivano-Frankivs'k,Rohatyns'kyi,Ivano-Frankivska,Ivano-Frankivskyi,Івано-Франківська,Івано-Франківський,UA26,UA2604
Ivano-Frankivs'k,Rozhniativs'kyi,Ivano-Frankivska,Kaluskyi,Івано-Франківська,Калуський,UA26,UA2606
Ivano-Frankivs'k,Sniatyns'kyi,Ivano-Frankivska,Kolomyiskyi,Івано-Франківська,Коломийський,UA26,UA2608
Ivano-Frankivs'k,Tlumats'kyi,Ivano-Frankivska,Ivano-Frankivskyi,Івано-Франківська,Івано-Франківський,UA26,UA2604
Ivano-Frankivs'k,Tysmenyts'kyi,Ivano-Frankivska,Ivano-Frankivskyi,Івано-Франківська,Івано-Франківський,UA26,UA2604
Ivano-Frankivs'k,Verkhovyns'kyi,Ivano-Frankivska,Verkhovynskyi,Івано-Франківська,Верховинський,UA26,UA2602
Kharkiv,Balakliis'kyi,Kharkivska,Iziumskyi,Харківська,Ізюмський,UA63,UA6304
Kharkiv,Barvinkivs'kyi,Kharkivska,Iziumskyi,Харківська,Ізюмський,UA63,UA6304
Kharkiv,Blyzniukivs'kyi,Kharkivska,Lozivskyi,Харківська,Лозівський,UA63,UA6310
Kharkiv,Bohodukhivs'kyi,Kharkivska,Bohodukhivskyi,Харківська,Богодухівський,UA63,UA6302
Kharkiv,Borivs'kyi,Kharkivska,Iziumskyi,Харківська,Ізюмський,UA63,UA6304
Kharkiv,Chuhu‹vs'ka,Kharkivska,Chuhuivskyi,Харківська,Чугуївський,UA63,UA6314
Kharkiv,Chuhu‹vs'kyi,Kharkivska,Chuhuivskyi,Харківська,Чугуївський,UA63,UA6314
Kharkiv,Derhachivs'kyi,Kharkivska,Kharkivskyi,Харківська,Харківський,UA63,UA6312
Kharkiv,Dvorichans'kyi,Kharkivska,Kupianskyi,Харківська,Куп'янський,UA63,UA6308
Kharkiv,Iziums'ka,Kharkivska,Iziumskyi,Харківська,Ізюмський,UA63,UA6304
Kharkiv,Iziums'kyi,Kharkivska,Iziumskyi,Харківська,Ізюмський,UA63,UA6304
Kharkiv,Kehychivs'kyi,Kharkivska,Krasnohradskyi,Харківська,Красноградський,UA63,UA6306
Kharkiv,Kharkivs'ka,Kharkivska,Kharkivskyi,Харківська,Харківський,UA63,UA6312
Kharkiv,Kharkivs'kyi,Kharkivska,Kharkivskyi,Харківська,Харківський,UA63,UA6312
Kharkiv,Krasnohrads'kyi,Kharkivska,Krasnohradskyi,Харківська,Красноградський,UA63,UA6306
Kharkiv,Krasnokuts'kyi,Kharkivska,Bohodukhivskyi,Харківська,Богодухівський,UA63,UA6302
Kharkiv,Kupians'ka,Kharkivska,Kupianskyi,Харківська,Куп'янський,UA63,UA6308
Kharkiv,Kupians'kyi,Kharkivska,Kupianskyi,Харківська,Куп'янський,UA63,UA6308
Kharkiv,Lozivs'ka,Kharkivska,Lozivskyi,Харківська,Лозівський,UA63,UA6310
Kharkiv,Lozivs'kyi,Kharkivska,Lozivskyi,Харківська,Лозівський,UA63,UA6310
Kharkiv,n.a. ( 180),Kharkivska,Bohodukhivskyi,Харківська,Богодухівський,UA63,UA6302
Kharkiv,Novovodolaz'kyi,Kharkivska,Kharkivskyi,Харківська,Харківський,UA63,UA6312
Kharkiv,Pecheniz'kyi,Kharkivska,Chuhuivskyi,Харківська,Чугуївський,UA63,UA6314
Kharkiv,Pervomais'kyi,Kharkivska,Lozivskyi,Харківська,Лозівський,UA63,UA6310
Kharkiv,Sakhnovshchyns'kyi,Kharkivska,Krasnohradskyi,Харківська,Красноградський,UA63,UA6306
Kharkiv,Shevchenkivs'kyi,Kharkivska,Kupianskyi,Харківська,Куп'янський,UA63,UA6308
Kharkiv,Valkivs'kyi,Kharkivska,Bohodukhivskyi,Харківська,Богодухівський,UA63,UA6302
Kharkiv,Velykoburluts'kyi,Kharkivska,Kupianskyi,Харківська,Куп'янський,UA63,UA6308
Kharkiv,Vovchans'kyi,Kharkivska,Chuhuivskyi,Харківська,Чугуївський,UA63,UA6314
Kharkiv,Zachepylivs'kyi,Kharkivska,Krasnohradskyi,Харківська,Красноградський,UA63,UA6306
Kharkiv,Zmiïvs'kyi,Kharkivska,Chuhuivskyi,Харківська,Чугуївський,UA63,UA6314
Kharkiv,Zolochivs'kyi,Kharkivska,Bohodukhivskyi,Харківська,Богодухівський,UA63,UA6302
Kherson,Beryslavs'kyi,Khersonska,Beryslavskyi,Херсонська,Бериславський,UA65,UA6502
Kherson,Bilozers'kyi,Khersonska,Khersonskyi,Херсонська,Херсонський,UA65,UA6510
Kherson,Chaplyns'kyi,Khersonska,Kakhovskyi,Херсонська,Каховський,UA65,UA6506
Kherson,Heniches'kyi,Khersonska,Henicheskyi,Херсонська,Генічеський,UA65,UA6504
Kherson,Holoprystans'kyi,Khersonska,Skadovskyi,Херсонська,Скадовський,UA65,UA6508
Kherson,Hornosta‹vs'kyi,Khersonska,Kakhovskyi,Херсонська,Каховський,UA65,UA6506
Kherson,Ivanivs'kyi,Khersonska,Henicheskyi,Херсонська,Генічеський,UA65,UA6504
Kherson,Kakhovs'kyi,Khersonska,Kakhovskyi,Херсонська,Каховський,UA65,UA6506
Kherson,Kalanchats'kyi,Khersonska,Skadovskyi,Херсонська,Скадовський,UA65,UA6508
Kherson,Khersons'ka,Khersonska,Khersonskyi,Херсонська,Херсонський,UA65,UA6510
Kherson,Novokahovs'ka,Khersonska,Kakhovskyi,Херсонська,Каховський,UA65,UA6506
Kherson,Novotro‹ts'kyi,Khersonska,Henicheskyi,Херсонська,Генічеський,UA65,UA6504
Kherson,Novovorontsovs'kyi,Khersonska,Beryslavskyi,Херсонська,Бериславський,UA65,UA6502
Kherson,Nyzhn'osirohoz'kyi,Khersonska,Henicheskyi,Херсонська,Генічеський,UA65,UA6504
Kherson,Skadovs'kyi,Khersonska,Skadovskyi,Херсонська,Скадовський,UA65,UA6508
Kherson,Tsiurupyns'kyi,Khersonska,Khersonskyi,Херсонська,Херсонський,UA65,UA6510
Kherson,Velykolepetys'kyi,Khersonska,Kakhovskyi,Херсонська,Каховський,UA65,UA6506
Kherson,Velykooleksandrivs'kyi,Khersonska,Beryslavskyi,Херсонська,Бериславський,UA65,UA6502
Kherson,Verkhn'orohachyts'kyi,Khersonska,Kakhovskyi,Херсонська,Каховський,UA65,UA6506
Kherson,Vysokopil's'kyi,Khersonska,Beryslavskyi,Херсонська,Бериславський,UA65,UA6502
Khmel'nyts'kyy,Bilohirs'kyi,Khmelnytska,Shepetivskyi,Хмельницька,Шепетівський,UA68,UA6806
Khmel'nyts'kyy,Chemerovets'kyi,Khmelnytska,Kamianets-Podilskyi,Хмельницька,Кам'янець-Подільський,UA68,UA6802
Khmel'nyts'kyy,Derazhnians'kyi,Khmelnytska,Khmelnytskyi,Хмельницька,Хмельницький,UA68,UA6804
Khmel'nyts'kyy,Dunaievets'kyi,Khmelnytska,Kamianets-Podilskyi,Хмельницька,Кам'янець-Подільський,UA68,UA6802
Khmel'nyts'kyy,Horodots'kyi,Khmelnytska,Khmelnytskyi,Хмельницька,Хмельницький,UA68,UA6804
Khmel'nyts'kyy,Iarmolynets'kyi,Khmelnytska,Khmelnytskyi,Хмельницька,Хмельницький,UA68,UA6804
Khmel'nyts'kyy,Iziaslavs'kyi,Khmelnytska,Shepetivskyi,Хмельницька,Шепетівський,UA68,UA6806
Khmel'nyts'kyy,Kamianets'-Podil's'ka,Khmelnytska,Kamianets-Podilskyi,Хмельницька,Кам'янець-Подільський,UA68,UA6802
Khmel'nyts'kyy,Kamianets'-Podil's'kyi,Khmelnytska,Kamianets-Podilskyi,Хмельницька,Кам'янець-Подільський,UA68,UA6802
Khmel'nyts'kyy,Khmel'nyts'ka,Khmelnytska,Khmelnytskyi,Хмельницька,Хмельницький,UA68,UA6804
Khmel'nyts'kyy,Khmel'nyts'kyi,Khmelnytska,Khmelnytskyi,Хмельницька,Хмельницький,UA68,UA6804
Khmel'nyts'kyy,Krasylivs'kyi,Khmelnytska,Khmelnytskyi,Хмельницька,Хмельницький,UA68,UA6804
Khmel'nyts'kyy,Letychivs'kyi,Khmelnytska,Khmelnytskyi,Хмельницька,Хмельницький,UA68,UA6804
Khmel'nyts'kyy,Novoushyts'kyi,Khmelnytska,Kamianets-Podilskyi,Хмельницька,Кам'янець-Подільський,UA68,UA6802
Khmel'nyts'kyy,Polons'kyi,Khmelnytska,Shepetivskyi,Хмельницька,Шепетівський,UA68,UA6806
Khmel'nyts'kyy,Shepetivs'ka,Khmelnytska,Shepetivskyi,Хмельницька,Шепетівський,UA68,UA6806
Khmel'nyts'kyy,Shepetivs'kyi,Khmelnytska,Shepetivskyi,Хмельницька,Шепетівський,UA68,UA6806
Khmel'nyts'kyy,Slavuts'kyi,Khmelnytska,Shepetivskyi,Хмельницька,Шепетівський,UA68,UA6806
Khmel'nyts'kyy,Starokostiantynivs'kyi,Khmelnytska,Khmelnytskyi,Хмельницька,Хмельницький,UA68,UA6804
Khmel'nyts'kyy,Starosyniavs'kyi,Khmelnytska,Khmelnytskyi,Хмельницька,Хмельницький,UA68,UA6804
Khmel'nyts'kyy,Teofipol's'kyi,Khmelnytska,Khmelnytskyi,Хмельницька,Хмельницький,UA68,UA6804
Khmel'nyts'kyy,Vin'kovets'kyi,Khmelnytska,Khmelnytskyi,Хмельницька,Хмельницький,UA68,UA6804
Khmel'nyts'kyy,Volochys'kyi,Khmelnytska,Khmelnytskyi,Хмельницька,Хмельницький,UA68,UA6804
Kiev,Baryshivs'kyi,Kyivska,Brovarskyi,Київська,Броварський,UA32,UA3206
Kiev,Bilotserkivs'ka,Kyivska,Bilotserkivskyi,Київська,Білоцерківський,UA32,UA3202
Kiev,Bilotserkivs'kyi,Kyivska,Bilotserkivskyi,Київська,Білоцерківський,UA32,UA3202
Kiev,Bohuslavs'kyi,Kyivska,Obukhivskyi,Київська,Обухівський,UA32,UA3212
Kiev,Borodians'kyi,Kyivska,Buchanskyi,Київська,Бучанський,UA32,UA3208
Kiev,Boryspil's'ka,Kyivska,Boryspilskyi,Київська,Бориспільський,UA32,UA3204
Kiev,Brovars'ka,Kyivska,Brovarskyi,Київська,Броварський,UA32,UA3206
Kiev,Brovars'kyi,Kyivska,Brovarskyi,Київська,Броварський,UA32,UA3206
Kiev,Fastivs'ka,Kyivska,Fastivskyi,Київська,Фастівський,UA32,UA3214
Kiev,Fastivs'kyi,Kyivska,Fastivskyi,Київська,Фастівський,UA32,UA3214
Kiev,Iahotyns'kyi,Kyivska,Boryspilskyi,Київська,Бориспільський,UA32,UA3204
Kiev,Irpins'ka,Kyivska,Buchanskyi,Київська,Бучанський,UA32,UA3208
Kiev,Ivankivs'kyi,Kyivska,Chornobyl Exclusion Zone,Київська,Чорнобильська зона відчуження,UA32,UA3200
Kiev,Kaharlyts'kyi,Kyivska,Obukhivskyi,Київська,Обухівський,UA32,UA3212
Kiev,Kyievo-Sviatoshyns'kyi,Kyivska,Buchanskyi,Київська,Бучанський,UA32,UA3208
Kiev,Makarivs'kyi,Kyivska,Buchanskyi,Київська,Бучанський,UA32,UA3208
Kiev,Myronivs'kyi,Kyivska,Obukhivskyi,Київська,Обухівський,UA32,UA3212
Kiev,Obukhivs'kyi,Kyivska,Obukhivskyi,Київська,Обухівський,UA32,UA3212
Kiev,Pereiaslav-Khmel'nyts'ka,Kyivska,Boryspilskyi,Київська,Бориспільський,UA32,UA3204
Kiev,Pereiaslav-Khmel'nyts'kyi,Kyivska,Boryspilskyi,Київська,Бориспільський,UA32,UA3204
Kiev,Polis'kyi,Kyivska,Chornobyl Exclusion Zone,Київська,Чорнобильська зона відчуження,UA32,UA3200
Kiev,Rokytnians'kyi,Kyivska,Bilotserkivskyi,Київська,Білоцерківський,UA32,UA3202
Kiev,Skvyrs'kyi,Kyivska,Bilotserkivskyi,Київська,Білоцерківський,UA32,UA3202
Kiev,Stavyshchens'kyi,Kyivska,Bilotserkivskyi,Київська,Білоцерківський,UA32,UA3202
Kiev,Tarashchans'kyi,Kyivska,Bilotserkivskyi,Київська,Білоцерківський,UA32,UA3202
Kiev,Tetiïvs'kyi,Kyivska,Bilotserkivskyi,Київська,Білоцерківський,UA32,UA3202
Kiev,Vasyl'kivs'kyi,Kyivska,Obukhivskyi,Київська,Обухівський,UA32,UA3212
Kiev,Volodars'kyi,Kyivska,Bilotserkivskyi,Київська,Білоцерківський,UA32,UA3202
Kiev,Vyshhorods'kyi,Kyivska,Vyshhorodskyi,Київська,Вишгородський,UA32,UA3210
Kiev,Zgurivs'kyi,Kyivska,Brovarskyi,Київська,Броварський,UA32,UA3206
Kiev City,Desnians'kyi,Kyiv,Kyiv,Київ,Київ,UA80,UA8000
Kiev City,Dniprovs'kyi,Kyiv,Kyiv,Київ,Київ,UA80,UA8000
Kiev City,Holosiïvs'kyi,Kyiv,Kyiv,Київ,Київ,UA80,UA8000
Kiev City,Obolons'kyi,Kyiv,Kyiv,Київ,Київ,UA80,UA8000
Kiev City,Pechers'kyi,Kyiv,Kyiv,Київ,Київ,UA80,UA8000
Kiev City,Podil's'kyi,Kyiv,Kyiv,Київ,Київ,UA80,UA8000
Kiev City,Shevchenkivs'kyi,Kyiv,Kyiv,Київ,Київ,UA80,UA8000
Kiev City,Solomians'kyi,Kyiv,Kyiv,Київ,Київ,UA80,UA8000
Kiev City,Sviatoshyns'kyi,Kyiv,Kyiv,Київ,Київ,UA80,UA8000
Kirovohrad,Bobrynets'kyi,Kirovohradska,Kropyvnytskyi,Кіровоградська,Кропивницький,UA35,UA3504
Kirovohrad,Dobrovelychkivs'kyi,Kirovohradska,Novoukrainskyi,Кіровоградська,Новоукраїнський,UA35,UA3506
Kirovohrad,Dolyns'kyi,Kirovohradska,Kropyvnytskyi,Кіровоградська,Кропивницький,UA35,UA3504
Kirovohrad,Haivorons'kyi,Kirovohradska,Holovanivskyi,Кіровоградська,Голованівський,UA35,UA3502
Kirovohrad,Holovanivs'kyi,Kirovohradska,Holovanivskyi,Кіровоградська,Голованівський,UA35,UA3502
Kirovohrad,Kirovohrads'kyi,Kirovohradska,Kropyvnytskyi,Кіровоградська,Кропивницький,UA35,UA3504
Kirovohrad,Kompani‹vs'kyi,Kirovohradska,Kropyvnytskyi,Кіровоградська,Кропивницький,UA35,UA3504
Kirovohrad,Malovyskivs'kyi,Kirovohradska,Novoukrainskyi,Кіровоградська,Новоукраїнський,UA35,UA3506
Kirovohrad,Novhorodkivs'kyi,Kirovohradska,Kropyvnytskyi,Кіровоградська,Кропивницький,UA35,UA3504
Kirovohrad,Novoarkhanhel's'kyi,Kirovohradska,Holovanivskyi,Кіровоградська,Голованівський,UA35,UA3502
Kirovohrad,Novomyrhorods'kyi,Kirovohradska,Novoukrainskyi,Кіровоградська,Новоукраїнський,UA35,UA3506
Kirovohrad,Novoukra‹ns'kyi,Kirovohradska,Novoukrainskyi,Кіровоградська,Новоукраїнський,UA35,UA3506
Kirovohrad,Oleksandriis'kyi,Kirovohradska,Oleksandriiskyi,Кіровоградська,Олександрійський,UA35,UA3508
Kirovohrad,Oleksandrivs'kyi,Kirovohradska,Kropyvnytskyi,Кіровоградська,Кропивницький,UA35,UA3504
Kirovohrad,Onufri‹vs'kyi,Kirovohradska,Oleksandriiskyi,Кіровоградська,Олександрійський,UA35,UA3508
Kirovohrad,Petrivs'kyi,Kirovohradska,Oleksandriiskyi,Кіровоградська,Олександрійський,UA35,UA3508
Kirovohrad,Svitlovods'kyi,Kirovohradska,Oleksandriiskyi,Кіровоградська,Олександрійський,UA35,UA3508
Kirovohrad,Ul'ianovs'kyi,Kirovohradska,Holovanivskyi,Кіровоградська,Голованівський,UA35,UA3502
Kirovohrad,Ustynivs'kyi,Kirovohradska,Kropyvnytskyi,Кіровоградська,Кропивницький,UA35,UA3504
Kirovohrad,Vil'shans'kyi,Kirovohradska,Holovanivskyi,Кіровоградська,Голованівський,UA35,UA3502
Kirovohrad,Znamians'kyi,Kirovohradska,Kropyvnytskyi,Кіровоградська,Кропивницький,UA35,UA3504
L'viv,Brodivs'kyi,Lvivska,Zolochivskyi,Львівська,Золочівський,UA46,UA4604
L'viv,Bus'kyi,Lvivska,Zolochivskyi,Львівська,Золочівський,UA46,UA4604
L'viv,Chervonohrads'ka,Lvivska,Chervonohradskyi,Львівська,Червоноградський,UA46,UA4612
L'viv,Drohobyts'ka,Lvivska,Drohobytskyi,Львівська,Дрогобицький,UA46,UA4602
L'viv,Drohobyts'kyi,Lvivska,Drohobytskyi,Львівська,Дрогобицький,UA46,UA4602
L'viv,Horodots'kyi,Lvivska,Lvivskyi,Львівська,Львівський,UA46,UA4606
L'viv,Iavorivs'kyi,Lvivska,Yavorivskyi,Львівська,Яворівський,UA46,UA4614
L'viv,Kamianka-Buz'kyi,Lvivska,Lvivskyi,Львівська,Львівський,UA46,UA4606
L'viv,L'vivs'ka,Lvivska,Lvivskyi,Львівська,Львівський,UA46,UA4606
L'viv,Mostys'kyi,Lvivska,Yavorivskyi,Львівська,Яворівський,UA46,UA4614
L'viv,Mykola‹vs'kyi,Lvivska,Stryiskyi,Львівська,Стрийський,UA46,UA4610
L'viv,Peremyshlians'kyi,Lvivska,Lvivskyi,Львівська,Львівський,UA46,UA4606
L'viv,Pustomytivs'kyi,Lvivska,Lvivskyi,Львівська,Львівський,UA46,UA4606
L'viv,Radekhivs'kyi,Lvivska,Chervonohradskyi,Львівська,Червоноградський,UA46,UA4612
L'viv,Sambirs'ka,Lvivska,Sambirskyi,Львівська,Самбірський,UA46,UA4608
L'viv,Sambirs'kyi,Lvivska,Sambirskyi,Львівська,Самбірський,UA46,UA4608
L'viv,Skolivs'kyi,Lvivska,Stryiskyi,Львівська,Стрийський,UA46,UA4610
L'viv,Sokal's'kyi,Lvivska,Chervonohradskyi,Львівська,Червоноградський,UA46,UA4612
L'viv,Starosambirs'kyi,Lvivska,Sambirskyi,Львівська,Самбірський,UA46,UA4608
L'viv,Stryis'ka,Lvivska,Stryiskyi,Львівська,Стрийський,UA46,UA4610
L'viv,Stryis'kyi,Lvivska,Stryiskyi,Львівська,Стрийський,UA46,UA4610
L'viv,Turkivs'kyi,Lvivska,Sambirskyi,Львівська,Самбірський,UA46,UA4608
L'viv,Zhovkivs'kyi,Lvivska,Lvivskyi,Львівська,Львівський,UA46,UA4606
L'viv,Zhydachivs'kyi,Lvivska,Stryiskyi,Львівська,Стрийський,UA46,UA4610
L'viv,Zolochivs'kyi,Lvivska,Zolochivskyi,Львівська,Золочівський,UA46,UA4604
Luhans'k,Alchevs'ka,Luhanska,Alchevskyi,Луганська,Алчевський,UA44,UA4402
Luhans'k,Antratsitivs'ka,Luhanska,Rovenkivskyi,Луганська,Ровеньківський,UA44,UA4408
Luhans'k,Antratsytivs'kyi,Luhanska,Rovenkivskyi,Луганська,Ровеньківський,UA44,UA4408
Luhans'k,Bilokurakyns'kyi,Luhanska,Svativskyi,Луганська,Сватівський,UA44,UA4410
Luhans'k,Bilovods'kyi,Luhanska,Starobilskyi,Луганська,Старобільський,UA44,UA4414
Luhans'k,Briankivs'ka,Luhanska,Rovenkivskyi,Луганська,Ровеньківський,UA44,UA4408
Luhans'k,Kirovs'ka,Luhanska,Alchevskyi,Луганська,Алчевський,UA44,UA4402
Luhans'k,Krasnodons'ka,Luhanska,Luhanskyi,Луганська,Луганський,UA44,UA4406
Luhans'k,Krasnodons'kyi,Luhanska,Luhanskyi,Луганська,Луганський,UA44,UA4406
Luhans'k,Krasnoluts'ka,Luhanska,Alchevskyi,Луганська,Алчевський,UA44,UA4402
Luhans'k,Kremins'kyi,Luhanska,Sievierodonetskyi,Луганська,Сєвєродонецький,UA44,UA4412
Luhans'k,Luhans'ka,Luhanska,Luhanskyi,Луганська,Луганський,UA44,UA4406
Luhans'k,Lutuhyns'kyi,Luhanska,Luhanskyi,Луганська,Луганський,UA44,UA4406
Luhans'k,Lysychans'ka,Luhanska,Sievierodonetskyi,Луганська,Сєвєродонецький,UA44,UA4412
Luhans'k,Markivs'kyi,Luhanska,Starobilskyi,Луганська,Старобільський,UA44,UA4414
Luhans'k,Milovs'kyi,Luhanska,Starobilskyi,Луганська,Старобільський,UA44,UA4414
Luhans'k,n.a. ( 182),Luhanska,Alchevskyi,Луганська,Алчевський,UA44,UA4402
Luhans'k,Novoaidars'kyi,Luhanska,Shchastynskyi,Луганська,Щастинський,UA44,UA4416
Luhans'k,Novopskovs'kyi,Luhanska,Starobilskyi,Луганська,Старобільський,UA44,UA4414
Luhans'k,Pereval's'kyi,Luhanska,Alchevskyi,Луганська,Алчевський,UA44,UA4402
Luhans'k,Popasnians'kyi,Luhanska,Sievierodonetskyi,Луганська,Сєвєродонецький,UA44,UA4412
Luhans'k,Roven'kivs'ka,Luhanska,Rovenkivskyi,Луганська,Ровеньківський,UA44,UA4408
Luhans'k,Rubezhans'ka,Luhanska,Sievierodonetskyi,Луганська,Сєвєродонецький,UA44,UA4412
Luhans'k,Sieverodonets'ka,Luhanska,Sievierodonetskyi,Луганська,Сєвєродонецький,UA44,UA4412
Luhans'k,Slovianoserbs'kyi,Luhanska,Alchevskyi,Луганська,Алчевський,UA44,UA4402
Luhans'k,Stakhanivs'ka,Luhanska,Alchevskyi,Луганська,Алчевський,UA44,UA4402
Luhans'k,Stanychno-Luhans'kyi,Luhanska,Shchastynskyi,Луганська,Щастинський,UA44,UA4416
Luhans'k,Starobil's'kyi,Luhanska,Starobilskyi,Луганська,Старобільський,UA44,UA4414
Luhans'k,Svativs'kyi,Luhanska,Svativskyi,Луганська,Сватівський,UA44,UA4410
Luhans'k,Sverdlovs'ka,Luhanska,Dovzhanskyi,Луганська,Довжанський,UA44,UA4404
Luhans'k,Sverdlovs'kyi,Luhanska,Dovzhanskyi,Луганська,Довжанський,UA44,UA4404
Luhans'k,Tro‹ts'kyi,Luhanska,Svativskyi,Луганська,Сватівський,UA44,UA4410
Mykolayiv,Arbuzyns'kyi,Mykolaivska,Pervomaiskyi,Миколаївська,Первомайський,UA48,UA4808
Mykolayiv,Bashtans'kyi,Mykolaivska,Bashtanskyi,Миколаївська,Баштанський,UA48,UA4802
Mykolayiv,Berezans'kyi,Mykolaivska,Mykolaivskyi,Миколаївська,Миколаївський,UA48,UA4806
Mykolayiv,Bereznehuvats'kyi,Mykolaivska,Bashtanskyi,Миколаївська,Баштанський,UA48,UA4802
Mykolayiv,Brats'kyi,Mykolaivska,Voznesenskyi,Миколаївська,Вознесенський,UA48,UA4804
Mykolayiv,Domanivs'kyi,Mykolaivska,Voznesenskyi,Миколаївська,Вознесенський,UA48,UA4804
Mykolayiv,Ielanets'kyi,Mykolaivska,Voznesenskyi,Миколаївська,Вознесенський,UA48,UA4804
Mykolayiv,Kazanetskyi,Mykolaivska,Bashtanskyi,Миколаївська,Баштанський,UA48,UA4802
Mykolayiv,Kryvoozers'kyi,Mykolaivska,Pervomaiskyi,Миколаївська,Первомайський,UA48,UA4808
Mykolayiv,Mykola‹vs'ka,Mykolaivska,Mykolaivskyi,Миколаївська,Миколаївський,UA48,UA4806
Mykolayiv,Mykola‹vs'kyi,Mykolaivska,Mykolaivskyi,Миколаївська,Миколаївський,UA48,UA4806
Mykolayiv,Novobuz'kyi,Mykolaivska,Bashtanskyi,Миколаївська,Баштанський,UA48,UA4802
Mykolayiv,Novoodes'kyi,Mykolaivska,Mykolaivskyi,Миколаївська,Миколаївський,UA48,UA4806
Mykolayiv,Ochakivs'kyi,Mykolaivska,Mykolaivskyi,Миколаївська,Миколаївський,UA48,UA4806
Mykolayiv,Pervomais'ka,Mykolaivska,Pervomaiskyi,Миколаївська,Первомайський,UA48,UA4808
Mykolayiv,Pervomais'kyi,Mykolaivska,Pervomaiskyi,Миколаївська,Первомайський,UA48,UA4808
Mykolayiv,Snihurivs'kyi,Mykolaivska,Bashtanskyi,Миколаївська,Баштанський,UA48,UA4802
Mykolayiv,Veselynivs'kyi,Mykolaivska,Voznesenskyi,Миколаївська,Вознесенський,UA48,UA4804
Mykolayiv,Voznesens'ka,Mykolaivska,Voznesenskyi,Миколаївська,Вознесенський,UA48,UA4804
Mykolayiv,Voznesens'kyi,Mykolaivska,Voznesenskyi,Миколаївська,Вознесенський,UA48,UA4804
Mykolayiv,Vradi‹vs'kyi,Mykolaivska,Pervomaiskyi,Миколаївська,Первомайський,UA48,UA4808
Mykolayiv,Zhovtnevyi,Mykolaivska,Mykolaivskyi,Миколаївська,Миколаївський,UA48,UA4806
Odessa,Anan'‹vs'kyi,Odeska,Podilskyi,Одеська,Подільський,UA51,UA5112
Odessa,Artsyz'kyi,Odeska,Bolhradskyi,Одеська,Болградський,UA51,UA5106
Odessa,Balts'kyi,Odeska,Podilskyi,Одеська,Подільський,UA51,UA5112
Odessa,Berezivs'kyi,Odeska,Berezivskyi,Одеська,Березівський,UA51,UA5102
Odessa,Bilhorod-Dnistrovs'ka,Odeska,Bilhorod-Dnistrovskyi,Одеська,Білгород-Дністровський,UA51,UA5104
Odessa,Bilhorod-Dnistrovs'kyi,Odeska,Bilhorod-Dnistrovskyi,Одеська,Білгород-Дністровський,UA51,UA5104
Odessa,Bilia‹vs'kyi,Odeska,Odeskyi,Одеська,Одеський,UA51,UA5110
Odessa,Bolhrads'kyi,Odeska,Bolhradskyi,Одеська,Болградський,UA51,UA5106
Odessa,Frunzivs'kyi,Odeska,Rozdilnianskyi,Одеська,Роздільнянський,UA51,UA5114
Odessa,Ivanivs'kyi,Odeska,Berezivskyi,Одеська,Березівський,UA51,UA5102
Odessa,Izma‹l's'ka,Odeska,Izmailskyi,Одеська,Ізмаїльський,UA51,UA5108
Odessa,Kiliis'kyi,Odeska,Izmailskyi,Одеська,Ізмаїльський,UA51,UA5108
Odessa,Kodyms'kyi,Odeska,Podilskyi,Одеська,Подільський,UA51,UA5112
Odessa,Kominternivs'kyi,Odeska,Odeskyi,Одеська,Одеський,UA51,UA5110
Odessa,Kotovs'ka,Odeska,Podilskyi,Одеська,Подільський,UA51,UA5112
Odessa,Kotovs'kyi,Odeska,Podilskyi,Одеська,Подільський,UA51,UA5112
Odessa,Krasnooknians'kyi,Odeska,Podilskyi,Одеська,Подільський,UA51,UA5112
Odessa,Liubashivs'kyi,Odeska,Podilskyi,Одеська,Подільський,UA51,UA5112
Odessa,Mykola‹vs'kyi,Odeska,Berezivskyi,Одеська,Березівський,UA51,UA5102
Odessa,Odes'ka,Odeska,Odeskyi,Одеська,Одеський,UA51,UA5110
Odessa,Ovidiopol's'kyi,Odeska,Odeskyi,Одеська,Одеський,UA51,UA5110
Odessa,Reniis'kyi,Odeska,Izmailskyi,Одеська,Ізмаїльський,UA51,UA5108
Odessa,Rozdil'nias'kyi,Odeska,Rozdilnianskyi,Одеська,Роздільнянський,UA51,UA5114
Odessa,Sarats'kyi,Odeska,Bilhorod-Dnistrovskyi,Одеська,Білгород-Дністровський,UA51,UA5104
Odessa,Savrans'kyi,Odeska,Podilskyi,Одеська,Подільський,UA51,UA5112
Odessa,Shyria‹vs'kyi,Odeska,Berezivskyi,Одеська,Березівський,UA51,UA5102
Odessa,Tarutyns'kyi,Odeska,Bolhradskyi,Одеська,Болградський,UA51,UA5106
Odessa,Tatarbunars'kyi,Odeska,Bilhorod-Dnistrovskyi,Одеська,Білгород-Дністровський,UA51,UA5104
Odessa,Velykomykhailivs'kyi,Odeska,Rozdilnianskyi,Одеська,Роздільнянський,UA51,UA5114
Poltava,Chornukhyns'kyi,Poltavska,Lubenskyi,Полтавська,Лубенський,UA53,UA5304
Poltava,Chutivs'kyi,Poltavska,Poltavskyi,Полтавська,Полтавський,UA53,UA5308
Poltava,Dykans'kyi,Poltavska,Poltavskyi,Полтавська,Полтавський,UA53,UA5308
Poltava,Hadiats'kyi,Poltavska,Myrhorodskyi,Полтавська,Миргородський,UA53,UA5306
Poltava,Hlobyns'kyi,Poltavska,Kremenchutskyi,Полтавська,Кременчуцький,UA53,UA5302
Poltava,Hrebinkivs'kyi,Poltavska,Lubenskyi,Полтавська,Лубенський,UA53,UA5304
Poltava,Karlivs'kyi,Poltavska,Poltavskyi,Полтавська,Полтавський,UA53,UA5308
Poltava,Khorol's'kyi,Poltavska,Lubenskyi,Полтавська,Лубенський,UA53,UA5304
Poltava,Kobeliats'kyi,Poltavska,Poltavskyi,Полтавська,Полтавський,UA53,UA5308
Poltava,Komsomol's'ka,Poltavska,Kremenchutskyi,Полтавська,Кременчуцький,UA53,UA5302
Poltava,Kotelevs'kyi,Poltavska,Poltavskyi,Полтавська,Полтавський,UA53,UA5308
Poltava,Kozel'shchyns'kyi,Poltavska,Kremenchutskyi,Полтавська,Кременчуцький,UA53,UA5302
Poltava,Kremenchuts'ka,Poltavska,Kremenchutskyi,Полтавська,Кременчуцький,UA53,UA5302
Poltava,Kremenchuts'kyi,Poltavska,Kremenchutskyi,Полтавська,Кременчуцький,UA53,UA5302
Poltava,Lokhvyts'kyi,Poltavska,Myrhorodskyi,Полтавська,Миргородський,UA53,UA5306
Poltava,Lubens'ka,Poltavska,Lubenskyi,Полтавська,Лубенський,UA53,UA5304
Poltava,Lubens'kyi,Poltavska,Lubenskyi,Полтавська,Лубенський,UA53,UA5304
Poltava,Mashivs'kyi,Poltavska,Poltavskyi,Полтавська,Полтавський,UA53,UA5308
Poltava,Myrhorods'kyi,Poltavska,Myrhorodskyi,Полтавська,Миргородський,UA53,UA5306
Poltava,Novosanzhars'kyi,Poltavska,Poltavskyi,Полтавська,Полтавський,UA53,UA5308
Poltava,Orzhyts'kyi,Poltavska,Lubenskyi,Полтавська,Лубенський,UA53,UA5304
Poltava,Poltavs'ka,Poltavska,Poltavskyi,Полтавська,Полтавський,UA53,UA5308
Poltava,Poltavs'kyi,Poltavska,Poltavskyi,Полтавська,Полтавський,UA53,UA5308
Poltava,Pyriatyns'kyi,Poltavska,Lubenskyi,Полтавська,Лубенський,UA53,UA5304
Poltava,Reshetylivs'kyi,Poltavska,Poltavskyi,Полтавська,Полтавський,UA53,UA5308
Poltava,Semenivs'kyi,Poltavska,Kremenchutskyi,Полтавська,Кременчуцький,UA53,UA5302
Poltava,Shyshats'kyi,Poltavska,Myrhorodskyi,Полтавська,Миргородський,UA53,UA5306
Poltava,Velykobahachans'kyi,Poltavska,Myrhorodskyi,Полтавська,Миргородський,UA53,UA5306
Poltava,Zin'kivs'kyi,Poltavska,Poltavskyi,Полтавська,Полтавський,UA53,UA5308
Rivne,Bereznivs'kyi,Rivnenska,Rivnenskyi,Рівненська,Рівненський,UA56,UA5606
Rivne,Demydiv's'kyi,Rivnenska,Dubenskyi,Рівненська,Дубенський,UA56,UA5604
Rivne,Dubens'kyi,Rivnenska,Dubenskyi,Рівненська,Дубенський,UA56,UA5604
Rivne,Dubnivs'ka,Rivnenska,Dubenskyi,Рівненська,Дубенський,UA56,UA5604
Rivne,Dubrovyts'kyi,Rivnenska,Sarnenskyi,Рівненська,Сарненський,UA56,UA5608
Rivne,Hoshchans'kyi,Rivnenska,Rivnenskyi,Рівненська,Рівненський,UA56,UA5606
Rivne,Korets'kyi,Rivnenska,Rivnenskyi,Рівненська,Рівненський,UA56,UA5606
Rivne,Kostopil's'kyi,Rivnenska,Rivnenskyi,Рівненська,Рівненський,UA56,UA5606
Rivne,Mlynivs'kyi,Rivnenska,Dubenskyi,Рівненська,Дубенський,UA56,UA5604
Rivne,Ostroz'kyi,Rivnenska,Rivnenskyi,Рівненська,Рівненський,UA56,UA5606
Rivne,Radyvylivs'kyi,Rivnenska,Dubenskyi,Рівненська,Дубенський,UA56,UA5604
Rivne,Rivnens'ka,Rivnenska,Rivnenskyi,Рівненська,Рівненський,UA56,UA5606
Rivne,Rivnens'kyi,Rivnenska,Rivnenskyi,Рівненська,Рівненський,UA56,UA5606
Rivne,Rokytnivs'kyi,Rivnenska,Sarnenskyi,Рівненська,Сарненський,UA56,UA5608
Rivne,Sarnens'kyi,Rivnenska,Sarnenskyi,Рівненська,Сарненський,UA56,UA5608
Rivne,Volodymyrets'kyi,Rivnenska,Varaskyi,Рівненська,Вараський,UA56,UA5602
Rivne,Zarichnens'kyi,Rivnenska,Varaskyi,Рівненська,Вараський,UA56,UA5602
Rivne,Zdolbunivs'kyi,Rivnenska,Rivnenskyi,Рівненська,Рівненський,UA56,UA5606
Sevastopol',Balaklavs'kyi,Autonomous Republic of Crimea,Bakhchysaraiskyi,Автономна Республіка Крим,Бахчисарайський,UA01,UA0102
Sevastopol',Haharins'kyi,Autonomous Republic of Crimea,Bakhchysaraiskyi,Автономна Республіка Крим,Бахчисарайський,UA01,UA0102
Sevastopol',Lenins'kyi,Sevastopol,Sevastopol,Севастополь,Севастополь,UA85,UA8500
Sevastopol',Nakhimovs'kyi,Autonomous Republic of Crimea,Bakhchysaraiskyi,Автономна Республіка Крим,Бахчисарайський,UA01,UA0102
Sumy,Bilopils'kyi,Sumska,Sumskyi,Сумська,Сумський,UA59,UA5908
Sumy,Buryns'kyi,Sumska,Konotopskyi,Сумська,Конотопський,UA59,UA5902
Sumy,Hlukhivs'kyi,Sumska,Shostkynskyi,Сумська,Шосткинський,UA59,UA5910
Sumy,Iampil's'kyi,Sumska,Shostkynskyi,Сумська,Шосткинський,UA59,UA5910
Sumy,Konotops'ka,Sumska,Konotopskyi,Сумська,Конотопський,UA59,UA5902
Sumy,Konotops'kyi,Sumska,Konotopskyi,Сумська,Конотопський,UA59,UA5902
Sumy,Krasnopil's'kyi,Sumska,Sumskyi,Сумська,Сумський,UA59,UA5908
Sumy,Krolevets'kyi,Sumska,Konotopskyi,Сумська,Конотопський,UA59,UA5902
Sumy,Lebedyns'kyi,Sumska,Sumskyi,Сумська,Сумський,UA59,UA5908
Sumy,Lypovodolyns'kyi,Sumska,Romenskyi,Сумська,Роменський,UA59,UA5906
Sumy,Nedryhailivs'kyi,Sumska,Romenskyi,Сумська,Роменський,UA59,UA5906
Sumy,Okhtyrs'ka,Sumska,Okhtyrskyi,Сумська,Охтирський,UA59,UA5904
Sumy,Okhtyrs'kyi,Sumska,Okhtyrskyi,Сумська,Охтирський,UA59,UA5904
Sumy,Putyvl's'kyi,Sumska,Konotopskyi,Сумська,Конотопський,UA59,UA5902
Sumy,Romens'ka,Sumska,Romenskyi,Сумська,Роменський,UA59,UA5906
Sumy,Romens'kyi,Sumska,Romenskyi,Сумська,Роменський,UA59,UA5906
Sumy,Seredyno-Buds'kyi,Sumska,Shostkynskyi,Сумська,Шосткинський,UA59,UA5910
Sumy,Shostkins'ka,Sumska,Shostkynskyi,Сумська,Шосткинський,UA59,UA5910
Sumy,Shostkins'kyi,Sumska,Shostkynskyi,Сумська,Шосткинський,UA59,UA5910
Sumy,Sums'ka,Sumska,Sumskyi,Сумська,Сумський,UA59,UA5908
Sumy,Sums'kyi,Sumska,Sumskyi,Сумська,Сумський,UA59,UA5908
Sumy,Trostianets'kyi,Sumska,Okhtyrskyi,Сумська,Охтирський,UA59,UA5904
Sumy,Velykopysarivs'kyi,Sumska,Okhtyrskyi,Сумська,Охтирський,UA59,UA5904
Ternopil',Berezhans'kyi,Ternopilska,Ternopilskyi,Тернопільська,Тернопільський,UA61,UA6104
Ternopil',Borshchivs'kyi,Ternopilska,Chortkivskyi,Тернопільська,Чортківський,UA61,UA6106
Ternopil',Buchats'kyi,Ternopilska,Chortkivskyi,Тернопільська,Чортківський,UA61,UA6106
Ternopil',Chortkivs'kyi,Ternopilska,Chortkivskyi,Тернопільська,Чортківський,UA61,UA6106
Ternopil',Husiatyns'kyi,Ternopilska,Chortkivskyi,Тернопільська,Чортківський,UA61,UA6106
Ternopil',Kozivs'kyi,Ternopilska,Ternopilskyi,Тернопільська,Тернопільський,UA61,UA6104
Ternopil',Kremenets'kyi,Ternopilska,Kremenetskyi,Тернопільська,Кременецький,UA61,UA6102
Ternopil',Lanovets'kyi,Ternopilska,Kremenetskyi,Тернопільська,Кременецький,UA61,UA6102
Ternopil',Monastyrys'kyi,Ternopilska,Chortkivskyi,Тернопільська,Чортківський,UA61,UA6106
Ternopil',Pidhaiets'kyi,Ternopilska,Ternopilskyi,Тернопільська,Тернопільський,UA61,UA6104
Ternopil',Pidvolochys'kyi,Ternopilska,Ternopilskyi,Тернопільська,Тернопільський,UA61,UA6104
Ternopil',Shums'kyi,Ternopilska,Kremenetskyi,Тернопільська,Кременецький,UA61,UA6102
Ternopil',Terebovlians'kyi,Ternopilska,Ternopilskyi,Тернопільська,Тернопільський,UA61,UA6104
Ternopil',Ternopil's'ka,Ternopilska,Ternopilskyi,Тернопільська,Тернопільський,UA61,UA6104
Ternopil',Ternopil's'kyi,Ternopilska,Ternopilskyi,Тернопільська,Тернопільський,UA61,UA6104
Ternopil',Zalishchyts'kyi,Ternopilska,Chortkivskyi,Тернопільська,Чортківський,UA61,UA6106
Ternopil',Zbaraz'kyi,Ternopilska,Ternopilskyi,Тернопільська,Тернопільський,UA61,UA6104
Ternopil',Zborivs'kyi,Ternopilska,Ternopilskyi,Тернопільська,Тернопільський,UA61,UA6104
Vinnytsya,Bars'kyi,Vinnytska,Zhmerynskyi,Вінницька,Жмеринський,UA05,UA0506
Vinnytsya,Bershads'kyi,Vinnytska,Haisynskyi,Вінницька,Гайсинський,UA05,UA0504
Vinnytsya,Chechel'nyts'kyi,Vinnytska,Haisynskyi,Вінницька,Гайсинський,UA05,UA0504
Vinnytsya,Iampil's'kyi,Vinnytska,Mohyliv-Podilskyi,Вінницька,Могилів-Подільський,UA05,UA0508
Vinnytsya,Illinets'kyi,Vinnytska,Haisynskyi,Вінницька,Гайсинський,UA05,UA0504
Vinnytsya,Kalynivs'kyi,Vinnytska,Khmilnytskyi,Вінницька,Хмільницький,UA05,UA0512
Vinnytsya,Khmil'nyts'kyi,Vinnytska,Khmilnytskyi,Вінницька,Хмільницький,UA05,UA0512
Vinnytsya,Koziatyns'kyi,Vinnytska,Khmilnytskyi,Вінницька,Хмільницький,UA05,UA0512
Vinnytsya,Kryzhopil's'kyi,Vinnytska,Tulchynskyi,Вінницька,Тульчинський,UA05,UA0510
Vinnytsya,Ladyzhyns'ka,Vinnytska,Haisynskyi,Вінницька,Гайсинський,UA05,UA0504
Vinnytsya,Lityns'kyi,Vinnytska,Vinnytskyi,Вінницька,Вінницький,UA05,UA0502
Vinnytsya,Lypovets'kyi,Vinnytska,Vinnytskyi,Вінницька,Вінницький,UA05,UA0502
Vinnytsya,Mohyliv-Podil's'ka,Vinnytska,Mohyliv-Podilskyi,Вінницька,Могилів-Подільський,UA05,UA0508
Vinnytsya,Mohyliv-Podil's'kyi,Vinnytska,Mohyliv-Podilskyi,Вінницька,Могилів-Подільський,UA05,UA0508
Vinnytsya,Murovano-Kurylovets'kyi,Vinnytska,Mohyliv-Podilskyi,Вінницька,Могилів-Подільський,UA05,UA0508
Vinnytsya,Nemyrivs'kyi,Vinnytska,Vinnytskyi,Вінницька,Вінницький,UA05,UA0502
Vinnytsya,Orativs'kyi,Vinnytska,Vinnytskyi,Вінницька,Вінницький,UA05,UA0502
Vinnytsya,Pishchans'kyi,Vinnytska,Tulchynskyi,Вінницька,Тульчинський,UA05,UA0510
Vinnytsya,Pohrebyshchens'kyi,Vinnytska,Vinnytskyi,Вінницька,Вінницький,UA05,UA0502
Vinnytsya,Sharhorods'kyi,Vinnytska,Zhmerynskyi,Вінницька,Жмеринський,UA05,UA0506
Vinnytsya,Teplyts'kyi,Vinnytska,Haisynskyi,Вінницька,Гайсинський,UA05,UA0504
Vinnytsya,Tomashpil's'kyi,Vinnytska,Tulchynskyi,Вінницька,Тульчинський,UA05,UA0510
Vinnytsya,Trostianets'kyi,Vinnytska,Haisynskyi,Вінницька,Гайсинський,UA05,UA0504
Vinnytsya,Tul'chyns'kyi,Vinnytska,Tulchynskyi,Вінницька,Тульчинський,UA05,UA0510
Vinnytsya,Tyvrivs'kyi,Vinnytska,Vinnytskyi,Вінницька,Вінницький,UA05,UA0502
Vinnytsya,Vinnyts'ka,Vinnytska,Vinnytskyi,Вінницька,Вінницький,UA05,UA0502
Vinnytsya,Vinnyts'kyi,Vinnytska,Vinnytskyi,Вінницька,Вінницький,UA05,UA0502
Vinnytsya,Zhmeryns'ka,Vinnytska,Zhmerynskyi,Вінницька,Жмеринський,UA05,UA0506
Vinnytsya,Zhmeryns'kyi,Vinnytska,Zhmerynskyi,Вінницька,Жмеринський,UA05,UA0506
Volyn,Horokhivs'kyi,Volynska,Lutskyi,Волинська,Луцький,UA07,UA0708
Volyn,Ivanychivs'kyi,Volynska,Volodymyrskyi,Волинська,Володимирський,UA07,UA0702
Volyn,Kamin'-Kashyrs'kyi,Volynska,Kamin-Kashyrskyi,Волинська,Камінь-Каширський,UA07,UA0704
Volyn,Kivertsivs'kyi,Volynska,Lutskyi,Волинська,Луцький,UA07,UA0708
Volyn,Kovel's'ka,Volynska,Kovelskyi,Волинська,Ковельський,UA07,UA0706
Volyn,Kovel's'kyi,Volynska,Kovelskyi,Волинська,Ковельський,UA07,UA0706
Volyn,Liubeshivs'kyi,Volynska,Kamin-Kashyrskyi,Волинська,Камінь-Каширський,UA07,UA0704
Volyn,Liuboml's'ky,Volynska,Kovelskyi,Волинська,Ковельський,UA07,UA0706
Volyn,Lokachyns'kyi,Volynska,Volodymyrskyi,Волинська,Володимирський,UA07,UA0702
Volyn,Luts'ka,Volynska,Lutskyi,Волинська,Луцький,UA07,UA0708
Volyn,Luts'kyi,Volynska,Lutskyi,Волинська,Луцький,UA07,UA0708
Volyn,Manevyts'kyi,Volynska,Kamin-Kashyrskyi,Волинська,Камінь-Каширський,UA07,UA0704
Volyn,Novovolyns'ka,Volynska,Volodymyrskyi,Волинська,Володимирський,UA07,UA0702
Volyn,Ratnivs'kyi,Volynska,Kovelskyi,Волинська,Ковельський,UA07,UA0706
Volyn,Rozhyshchens'kyi,Volynska,Lutskyi,Волинська,Луцький,UA07,UA0708
Volyn,Shats'kyi,Volynska,Kovelskyi,Волинська,Ковельський,UA07,UA0706
Volyn,Starovyzhivs'kyi,Volynska,Kovelskyi,Волинська,Ковельський,UA07,UA0706
Volyn,Turiis'kyi,Volynska,Kovelskyi,Волинська,Ковельський,UA07,UA0706
Volyn,Volodymyr-Volyns'kyi,Volynska,Volodymyrskyi,Волинська,Володимирський,UA07,UA0702
Zakarpattia,Berehivs'kyi,Zakarpatska,Berehivskyi,Закарпатська,Берегівський,UA21,UA2102
Zakarpattia,Irshavs'kyi,Zakarpatska,Khustskyi,Закарпатська,Хустський,UA21,UA2112
Zakarpattia,Khusts'kyi,Zakarpatska,Khustskyi,Закарпатська,Хустський,UA21,UA2112
Zakarpattia,Mizhhirs'kyi,Zakarpatska,Khustskyi,Закарпатська,Хустський,UA21,UA2112
Zakarpattia,Mukachivs'ka,Zakarpatska,Mukachivskyi,Закарпатська,Мукачівський,UA21,UA2104
Zakarpattia,Mukachivs'kyi,Zakarpatska,Mukachivskyi,Закарпатська,Мукачівський,UA21,UA2104
Zakarpattia,Perechyns'kyi,Zakarpatska,Uzhhorodskyi,Закарпатська,Ужгородський,UA21,UA2110
Zakarpattia,Rakhivs'kyi,Zakarpatska,Rakhivskyi,Закарпатська,Рахівський,UA21,UA2106
Zakarpattia,Svaliavs'kyi,Zakarpatska,Mukachivskyi,Закарпатська,Мукачівський,UA21,UA2104
Zakarpattia,Tiachivs'kyi,Zakarpatska,Tiachivskyi,Закарпатська,Тячівський,UA21,UA2108
Zakarpattia,Uzhhorods'ka,Zakarpatska,Uzhhorodskyi,Закарпатська,Ужгородський,UA21,UA2110
Zakarpattia,Uzhhorods'kyi,Zakarpatska,Uzhhorodskyi,Закарпатська,Ужгородський,UA21,UA2110
Zakarpattia,Velykobereznians'kyi,Zakarpatska,Uzhhorodskyi,Закарпатська,Ужгородський,UA21,UA2110
Zakarpattia,Volovets'kyi,Zakarpatska,Mukachivskyi,Закарпатська,Мукачівський,UA21,UA2104
Zakarpattia,Vynohradivs'kyi,Zakarpatska,Berehivskyi,Закарпатська,Берегівський,UA21,UA2102
Zaporizhia,Berdians'ka,Zaporizka,Berdianskyi,Запорізька,Бердянський,UA23,UA2302
Zaporizhia,Berdians'kyi,Zaporizka,Berdianskyi,Запорізька,Бердянський,UA23,UA2302
Zaporizhia,Chernihivs'kyi,Zaporizka,Berdianskyi,Запорізька,Бердянський,UA23,UA2302
Zaporizhia,Enerhodars'ka,Zaporizka,Vasylivskyi,Запорізька,Василівський,UA23,UA2304
Zaporizhia,Huliaipil's'kyi,Zaporizka,Polohivskyi,Запорізька,Пологівський,UA23,UA2310
Zaporizhia,Iakymivs'kyi,Zaporizka,Melitopolskyi,Запорізька,Мелітопольський,UA23,UA2308
Zaporizhia,Kamians'ko-Dniprovs'kyi,Zaporizka,Vasylivskyi,Запорізька,Василівський,UA23,UA2304
Zaporizhia,Kuibyshevs'kyi,Zaporizka,Polohivskyi,Запорізька,Пологівський,UA23,UA2310
Zaporizhia,Melitopol's'ka,Zaporizka,Melitopolskyi,Запорізька,Мелітопольський,UA23,UA2308
Zaporizhia,Melitopol's'kyi,Zaporizka,Melitopolskyi,Запорізька,Мелітопольський,UA23,UA2308
Zaporizhia,Mykhailivs'kyi,Zaporizka,Vasylivskyi,Запорізька,Василівський,UA23,UA2304
Zaporizhia,Novomykola‹vs'kyi,Zaporizka,Zaporizkyi,Запорізька,Запорізький,UA23,UA2306
Zaporizhia,Orikhivs'kyi,Zaporizka,Zaporizkyi,Запорізька,Запорізький,UA23,UA2306
Zaporizhia,Polohivs'kyi,Zaporizka,Polohivskyi,Запорізька,Пологівський,UA23,UA2310
Zaporizhia,Pryazovs'kyi,Zaporizka,Melitopolskyi,Запорізька,Мелітопольський,UA23,UA2308
Zaporizhia,Prymors'kyi,Zaporizka,Berdianskyi,Запорізька,Бердянський,UA23,UA2302
Zaporizhia,Rozivs'kyi,Zaporizka,Polohivskyi,Запорізька,Пологівський,UA23,UA2310
Zaporizhia,Tokmats'ka,Zaporizka,Polohivskyi,Запорізька,Пологівський,UA23,UA2310
Zaporizhia,Tokmats'kyi,Zaporizka,Polohivskyi,Запорізька,Пологівський,UA23,UA2310
Zaporizhia,Vasylivs'kyi,Zaporizka,Vasylivskyi,Запорізька,Василівський,UA23,UA2304
Zaporizhia,Velykobilozers'kyi,Zaporizka,Vasylivskyi,Запорізька,Василівський,UA23,UA2304
Zaporizhia,Veselivs'kyi,Zaporizka,Melitopolskyi,Запорізька,Мелітопольський,UA23,UA2308
Zaporizhia,Vil'nians'kyi,Zaporizka,Zaporizkyi,Запорізька,Запорізький,UA23,UA2306
Zaporizhia,Zaporiz'ka,Zaporizka,Zaporizkyi,Запорізька,Запорізький,UA23,UA2306
Zaporizhia,Zaporiz'kyi,Zaporizka,Zaporizkyi,Запорізька,Запорізький,UA23,UA2306
Zhytomyr,Andrushivs'kyi,Zhytomyrska,Berdychivskyi,Житомирська,Бердичівський,UA18,UA1802
Zhytomyr,Baranivs'kyi,Zhytomyrska,Zviahelskyi,Житомирська,Звягельський,UA18,UA1808
Zhytomyr,Berdychivs'ka,Zhytomyrska,Berdychivskyi,Житомирська,Бердичівський,UA18,UA1802
Zhytomyr,Berdychivs'kyi,Zhytomyrska,Berdychivskyi,Житомирська,Бердичівський,UA18,UA1802
Zhytomyr,Brusylivs'kyi,Zhytomyrska,Zhytomyrskyi,Житомирська,Житомирський,UA18,UA1804
Zhytomyr,Cherniakhivs'kyi,Zhytomyrska,Zhytomyrskyi,Житомирська,Житомирський,UA18,UA1804
Zhytomyr,Chervonoarmiis'kyi,Zhytomyrska,Zhytomyrskyi,Житомирська,Житомирський,UA18,UA1804
Zhytomyr,Chudnivs'kyi,Zhytomyrska,Zhytomyrskyi,Житомирська,Житомирський,UA18,UA1804
Zhytomyr,Iemil'chyns'kyi,Zhytomyrska,Zviahelskyi,Житомирська,Звягельський,UA18,UA1808
Zhytomyr,Korostens'ka,Zhytomyrska,Korostenskyi,Житомирська,Коростенський,UA18,UA1806
Zhytomyr,Korostens'kyi,Zhytomyrska,Korostenskyi,Житомирська,Коростенський,UA18,UA1806
Zhytomyr,Korostyshivs'kyi,Zhytomyrska,Zhytomyrskyi,Житомирська,Житомирський,UA18,UA1804
Zhytomyr,Liubars'kyi,Zhytomyrska,Zhytomyrskyi,Житомирська,Житомирський,UA18,UA1804
Zhytomyr,Luhyns'kyi,Zhytomyrska,Korostenskyi,Житомирська,Коростенський,UA18,UA1806
Zhytomyr,NA,Zhytomyrska,Korostenskyi,Житомирська,Коростенський,UA18,UA1806
Zhytomyr,Narodyts'kyi,Zhytomyrska,Korostenskyi,Житомирська,Коростенський,UA18,UA1806
Zhytomyr,Novohrad-Volyns'ka,Zhytomyrska,Zviahelskyi,Житомирська,Звягельський,UA18,UA1808
Zhytomyr,Novohrad-Volyns'kyi,Zhytomyrska,Zviahelskyi,Житомирська,Звягельський,UA18,UA1808
Zhytomyr,Olevs'kyi,Zhytomyrska,Korostenskyi,Житомирська,Коростенський,UA18,UA1806
Zhytomyr,Ovruts'kyi,Zhytomyrska,Korostenskyi,Житомирська,Коростенський,UA18,UA1806
Zhytomyr,Popil'nians'kyi,Zhytomyrska,Zhytomyrskyi,Житомирська,Житомирський,UA18,UA1804
Zhytomyr,Radomyshl's'kyi,Zhytomyrska,Zhytomyrskyi,Житомирська,Житомирський,UA18,UA1804
Zhytomyr,Romanivs'kyi,Zhytomyrska,Zhytomyrskyi,Житомирська,Житомирський,UA18,UA1804
Zhytomyr,Ruzhyns'kyi,Zhytomyrska,Berdychivskyi,Житомирська,Бердичівський,UA18,UA1802
Zhytomyr,Volodars'ko-Volyns'kyi,Zhytomyrska,Zhytomyrskyi,Житомирська,Житомирський,UA18,UA1804
Zhytomyr,Zhytomyrs'ka,Zhytomyrska,Zhytomyrskyi,Житомирська,Житомирський,UA18,UA1804
Zhytomyr,Zhytomyrs'kyi,Zhytomyrska,Zhytomyrskyi,Житомирська,Житомирський,UA18,UA1804
